State,Airport Name,Loc ID,Associated City,County,Enplanements,,,,,,,,,,,,,,AK,Ted Stevens Anchorage International,ANC,Anchorage,Anchorage ,"2,525,893",,,,,,,,,,,,,,AK,Fairbanks International,FAI,Fairbanks,Fairbanks North Star,"493,443",,,,,,,,,,,,,,AK,Juneau International,JNU,Juneau,Juneau,"403,538",,,,,,,,,,,,,,AK,Bethel,BET,Bethel,Bethel (CA),"158,824",,,,,,,,,,,,,,AK,Ketchikan International,KTN,Ketchikan,Ketchikan Gateway,"124,747",,,,,,,,,,,,,,AK,Kenai Municipal,ENA,Kenai,Kenai Peninsula,"97,820",,,,,,,,,,,,,,AK,Kodiak,ADQ,Kodiak,Kodiak Island,"81,970",,,,,,,,,,,,,,AK,Sitka Rocky Gutierrez,SIT,Sitka,Sitka,"81,019",,,,,,,,,,,,,,AK,Deadhorse,SCC,Deadhorse,North Slope,"77,152",,,,,,,,,,,,,,AK,Ralph Wien Memorial,OTZ,Kotzebue,Northwest Arctic,"66,503",,,,,,,,,,,,,,AK,Nome,OME,Nome,Nome (CA),"59,929",,,,,,,,,,,,,,AK,Wiley Post-Will Rogers Memorial,BRW,Barrow,North Slope,"47,676",,,,,,,,,,,,,,AK,Homer,HOM,Homer,Kenai Peninsula,"40,770",,,,,,,,,,,,,,AK,King Salmon,AKN,King Salmon,Bristol Bay,"35,693",,,,,,,,,,,,,,AK,Unalaska,DUT,Unalaska,Aleutians West (CA),"31,753",,,,,,,,,,,,,,AK,Dillingham,DLG,Dillingham,Dillingham (CA),"26,949",,,,,,,,,,,,,,AK,Lake Hood,LHD,Anchorage,Anchorage ,"20,586",,,,,,,,,,,,,,AK,Petersburg James A Johnson,PSG,Petersburg,Wrangell-Petersburg,"20,477",,,,,,,,,,,,,,AK,Merle K (Mudhole) Smith,CDV,Cordova,Valdez-Cordova (CA),"16,997",,,,,,,,,,,,,,AK,Unalakleet,UNK,Unalakleet,Nome (CA),"15,927",,,,,,,,,,,,,,AK,Merrill Field,MRI,Anchorage,Anchorage ,"15,091",,,,,,,,,,,,,,AK,Valdez Pioneer Field,VDZ,Valdez,Valdez-Cordova (CA),"14,153",,,,,,,,,,,,,,AK,Aniak,ANI,Aniak,Kuskokwim,"13,771",,,,,,,,,,,,,,AK,St Mary's,KSM,St Mary's,Wade Hampton (CA),"13,192",,,,,,,,,,,,,,AK,Wrangell,WRG,Wrangell,Wrangell-Petersburg,"12,588",,,,,,,,,,,,,,AK,Gustavus,GST,Gustavus,Skagway-Hoonah,"11,189",,,,,,,,,,,,,,AK,Edward G Pitka Sr,GAL,Galena,Yukon-Koyukuk,"10,703",,,,,,,,,,,,,,AK,Yakutat,YAK,Yakutat,Yukatat,"10,230",,,,,,,,,,,,,,AK,Hoonah,HNH,Hoonah,Skagway-Hoonah,"10,050",,,,,,,,,,,,,,AK,Klawock,AKW,Klawock,Prince of Wales ,"9,966",,,,,,,,,,,,,,AK,Haines,HNS,Haines,Haines,"8,945",,,,,,,,,,,,,,AK,Quinhagak,AQH,Quinhagak,Bethel (CA),"8,543",,,,,,,,,,,,,,AK,Skagway,SGY,Skagway,Skagway-Hoonah,"8,239",,,,,,,,,,,,,,AK,Emmonak,ENM,Emmonak,Wade Hampton (CA),"7,597",,,,,,,,,,,,,,AK,Cold Bay,CDB,Cold Bay,Aleutians East,"7,019",,,,,,,,,,,,,,AK,Fort Yukon,FYU,Fort Yukon,Yukon-Koyukuk,"6,691",,,,,,,,,,,,,,AK,Kipnuk,IIK,Kipnuk,Bethel (CA),"6,475",,,,,,,,,,,,,,AK,Chevak,VAK,Chevak,Wade Hampton (CA),"6,455",,,,,,,,,,,,,,AK,Hooper Bay,HPB,Hooper Bay,Wade Hampton (CA),"6,288",,,,,,,,,,,,,,AK,Toksook Bay,OOK,Toksook Bay,Wade Hampton (CA),"6,148",,,,,,,,,,,,,,AK,Iliamna,ILI,Iliamna,Lake and Peninsula,"5,865",,,,,,,,,,,,,,AK,Selawik,WLK,Selawik,Kobuk,"5,376",,,,,,,,,,,,,,AK,Chefornak,CFK,Chefornak,Bethel (CA),"5,018",,,,,,,,,,,,,,AK,Point Hope,PHO,Point Hope,Kobuk,"4,974",,,,,,,,,,,,,,AK,Scammon Bay,SCM,Scammon Bay,Wade Hampton (CA),"4,902",,,,,,,,,,,,,,AK,Mountain Village,MOU,Mountain Village,Wade Hampton (CA),"4,692",,,,,,,,,,,,,,AK,Kotlik,2A9,Kotlik,Wade Hampton (CA),"4,484",,,,,,,,,,,,,,AK,Robert /Bob/ Curtis Memorial,D76,Noorvik,Kobuk,"4,423",,,,,,,,,,,,,,AK,Noatak,WTK,Noatak,Northwest Arctic,"4,392",,,,,,,,,,,,,,AK,Kongiganak,DUY,Kongiganak,Bethel (CA),"4,298",,,,,,,,,,,,,,AK,Sand Point,SDP,Sand Point,Aleutians East,"4,146",,,,,,,,,,,,,,AK,Kasigluk,Z09,Kasigluk,Bethel (CA),"4,109",,,,,,,,,,,,,,AK,Buckland,BVK,Buckland,Unorganized,"4,063",,,,,,,,,,,,,,AK,Tuntutuliak,A61,Tuntutuliak,Bethel (CA),"4,007",,,,,,,,,,,,,,AK,Wainwright,AWI,Wainwright,Barrow,"3,989",,,,,,,,,,,,,,AK,Seldovia,SOV,Seldovia,Kenai Peninsula,"3,926",,,,,,,,,,,,,,AK,Alakanuk,AUK,Alakanuk,Wade Hampton (CA),"3,845",,,,,,,,,,,,,,AK,Eek,EEK,Eek,Bethel (CA),"3,832",,,,,,,,,,,,,,AK,Kwigillingok,GGV,Kwigillingok,Bethel (CA),"3,794",,,,,,,,,,,,,,AK,Pilot Station,0AK,Pilot Station,Wade Hampton (CA),"3,727",,,,,,,,,,,,,,AK,Savoonga,SVA,Savoonga,Nome (CA),"3,690",,,,,,,,,,,,,,AK,Nunapitchuk,16A,Nunapitchuk,Bethel (CA),"3,449",,,,,,,,,,,,,,AK,Kivalina,KVL,Kivalina,Northwest Arctic,"3,433",,,,,,,,,,,,,,AK,Kwethluk,KWT,Kwethluk,Bethel (CA),"3,429",,,,,,,,,,,,,,AK,Newtok,EWU,Newtok,Bethel (CA),"3,406",,,,,,,,,,,,,,AK,Anaktuvuk Pass,AKP,Anaktuvuk Pass,North Slope,"3,402",,,,,,,,,,,,,,AK,Shishmaref,SHH,Shishmaref,Nome (CA),"3,366",,,,,,,,,,,,,,AK,Gambell,GAM,Gambell,Nome (CA),"3,309",,,,,,,,,,,,,,AK,Kalskag,KLG,Kalskag,Kuskokwim,"3,292",,,,,,,,,,,,,,AK,Akiachak,Z13,Akiachak,Bethel (CA),"3,279",,,,,,,,,,,,,,AK,Bob Baker Memorial,IAN,Kiana,Kobuk,"3,276",,,,,,,,,,,,,,AK,Marshall Don Hunter Sr,MDM,Marshall,Wade Hampton (CA),"3,179",,,,,,,,,,,,,,AK,Ralph M Calhoun Memorial,TAL,Tanana,Yukon-Koyukuk,"2,997",,,,,,,,,,,,,,AK,Tununak,4KA,Tununak,Bethel (CA),"2,963",,,,,,,,,,,,,,AK,Huslia,HLA,Huslia,Yukon-Koyukuk,"2,936",,,,,,,,,,,,,,AK,Coldfoot,CXF,Coldfoot,Wade Hampton (CA),"2,894",,,,,,,,,,,,,,AK,Barter Island LRRS,BTI,Kaktovik,North Slope,"2,882",,,,,,,,,,,,,,AK,Metlakatla,MTM,Metlakatla,Prince of Wales ,"2,880",,,,,,,,,,,,,,AK,McGrath,MCG,McGrath,Kuskokwim,"2,877",,,,,,,,,,,,,,AK,St Paul Island,SNP,Saint Paul Island,Aleutians West (CA),"2,778",,,,,,,,,,,,,,AK,Nuiqsut,AQT,Nuiqsut,North Slope,"2,737",,,,,,,,,,,,,,AK,Stebbins,WBB,Stebbins,Nome (CA),"2,710",,,,,,,,,,,,,,AK,Atmautluak,4A2,Atmautluak,Bethel (CA),"2,684",,,,,,,,,,,,,,AK,Nightmute,IGT,Nightmute,Bethel (CA),"2,670",,,,,,,,,,,,,,AK,Craig,CGA,Craig,Prince of Wales ,"2,573",,,,,,,,,,,,,,AK,Tuluksak,TLT,Tuluksak,Bethel (CA),"2,572",,,,,,,,,,,,,,AK,Larsen Bay,2A3,Larsen Bay,Aleutian Islands,"2,519",,,,,,,,,,,,,,AL,Birmingham-Shuttlesworth International,BHM,Birmingham,Jefferson,"1,325,897",,,,,,,,,,,,,,AL,Huntsville International-Carl T Jones Field,HSV,Huntsville,Madison,"519,785",,,,,,,,,,,,,,AL,Mobile Regional,MOB,Mobile,Mobile,"278,053",,,,,,,,,,,,,,AL,Montgomery Regional (Dannelly Field),MGM,Montgomery,Montgomery,"175,619",,,,,,,,,,,,,,AL,Dothan Regional,DHN,Dothan,Dale,"46,792",,,,,,,,,,,,,,AR,Bill and Hillary Clinton National/Adams Field,LIT,Little Rock,Pulaski,"958,510",,,,,,,,,,,,,,AR,Northwest Arkansas Regional,XNA,Bentonville,Benton,"629,905",,,,,,,,,,,,,,AR,Fort Smith Regional,FSM,Fort Smith,Sebastian,"84,136",,,,,,,,,,,,,,AR,Texarkana Regional-Webb Field,TXK,Texarkana,Miller,"34,881",,,,,,,,,,,,,,AR,Jonesboro Municipal,JBR,Jonesboro,Craighead,"4,836",,,,,,,,,,,,,,AR,Boone County,HRO,Harrison,Boone,"4,370",,,,,,,,,,,,,,AR,South Arkansas Regional at Goodwin Field,ELD,El Dorado,Union,"3,919",,,,,,,,,,,,,,AR,Memorial Field,HOT,Hot Springs,Garland,"2,834",,,,,,,,,,,,,,AS,Pago Pago International,PPG,Pago Pago,American Samoa,"65,860",,,,,,,,,,,,,,AZ,Phoenix Sky Harbor International,PHX,Phoenix,Maricopa,"21,351,504",,,,,,,,,,,,,,AZ,Tucson International,TUS,Tucson,Pima,"1,549,253",,,,,,,,,,,,,,AZ,Phoenix-Mesa Gateway,IWA,Mesa,Maricopa,"666,187",,,,,,,,,,,,,,AZ,Grand Canyon National Park,GCN,Grand Canyon,Coconino,"332,050",,,,,,,,,,,,,,AZ,Grand Canyon West,1G4,Peach Springs,Mohave,"147,137",,,,,,,,,,,,,,AZ,Laughlin/Bullhead International,IFP,Bullhead City,Mohave,"108,888",,,,,,,,,,,,,,AZ,Yuma MCAS/Yuma International,NYL,Yuma,Yuma,"79,233",,,,,,,,,,,,,,AZ,Flagstaff Pulliam,FLG,Flagstaff,Coconino,"67,419",,,,,,,,,,,,,,AZ,Page Municipal,PGA,Page,Coconino,"19,440",,,,,,,,,,,,,,AZ,Ernest A Love Field,PRC,Prescott,Yavapai,"3,428",,,,,,,,,,,,,,CA,Los Angeles International,LAX,Los Angeles,Los Angeles,"36,351,272",,,,,,,,,,,,,,CA,San Francisco International,SFO,San Francisco International Airport,San Mateo,"24,190,560",,,,,,,,,,,,,,CA,San Diego International,SAN,San Diego,San Diego,"9,985,763",,,,,,,,,,,,,,CA,Metropolitan Oakland International,OAK,Oakland,Alameda,"5,506,687",,,,,,,,,,,,,,CA,John Wayne Airport-Orange County,SNA,Santa Ana,Orange,"4,945,209",,,,,,,,,,,,,,CA,Norman Y Mineta San Jose International,SJC,San Jose,Santa Clara,"4,822,480",,,,,,,,,,,,,,CA,Sacramento International,SMF,Sacramento,Sacramento,"4,714,729",,,,,,,,,,,,,,CA,Ontario International,ONT,Ontario,San Bernardino,"2,089,801",,,,,,,,,,,,,,CA,Bob Hope,BUR,Burbank,Los Angeles,"1,973,897",,,,,,,,,,,,,,CA,Long Beach /Daugherty Field/,LGB,Long Beach,Los Angeles,"1,220,937",,,,,,,,,,,,,,CA,Palm Springs International,PSP,Palm Springs,Riverside,"947,728",,,,,,,,,,,,,,CA,Fresno Yosemite International,FAT,Fresno,Fresno,"695,008",,,,,,,,,,,,,,CA,Santa Barbara Municipal,SBA,Santa Barbara,Santa Barbara,"316,511",,,,,,,,,,,,,,CA,Monterey Regional,MRY,Monterey,Monterey,"180,605",,,,,,,,,,,,,,CA,San Luis County Regional,SBP,San Luis Obispo,San Luis Obispo,"144,324",,,,,,,,,,,,,,CA,Charles M Schulz - Sonoma County,STS,Santa Rosa,Sonoma,"129,086",,,,,,,,,,,,,,CA,Meadows Field,BFL,Bakersfield,Kern,"120,966",,,,,,,,,,,,,,CA,Stockton Metropolitan,SCK,Stockton,San Joaquin,"80,163",,,,,,,,,,,,,,CA,Arcata,ACV,Arcata,Humboldt,"55,168",,,,,,,,,,,,,,CA,Santa Maria Public/Capt G Allan Hancock Field,SMX,Santa Maria,Santa Barbara,"43,941",,,,,,,,,,,,,,CA,Redding Municipal,RDD,Redding,Shasta,"30,852",,,,,,,,,,,,,,CA,Mammoth Yosemite,MMH,Mammoth Lakes,Mono,"23,504",,,,,,,,,,,,,,CA,McClellan-Palomar,CRQ,Carlsbad,San Diego,"12,380",,,,,,,,,,,,,,CA,Visalia Municipal,VIS,Visalia,Tulare,"5,571",,,,,,,,,,,,,,CA,Jack McNamara Field,CEC,Crescent City,Del Norte,"4,915",,,,,,,,,,,,,,CA,Imperial County,IPL,Imperial,Imperial,"2,601",,,,,,,,,,,,,,CO,Denver International,DEN,Denver,Denver,"26,280,043",,,,,,,,,,,,,,CO,City of Colorado Springs Municipal,COS,Colorado Springs,El Paso,"593,246",,,,,,,,,,,,,,CO,Aspen-Pitkin County/Sardy Field,ASE,Aspen,Pitkin,"233,512",,,,,,,,,,,,,,CO,Grand Junction Regional,GJT,Grand Junction,Mesa,"214,404",,,,,,,,,,,,,,CO,Durango-La Plata County,DRO,Durango,La Plata,"186,800",,,,,,,,,,,,,,CO,Eagle County Regional,EGE,Eagle,Eagle,"156,937",,,,,,,,,,,,,,CO,Montrose Regional,MTJ,Montrose,Montrose,"102,756",,,,,,,,,,,,,,CO,Yampa Valley,HDN,Hayden,Routt,"93,896",,,,,,,,,,,,,,CO,Gunnison-Crested Butte Regional,GUC,Gunnison,Gunnison,"34,412",,,,,,,,,,,,,,CO,Pueblo Memorial,PUB,Pueblo,Pueblo,"3,674",,,,,,,,,,,,,,CO,Fort Collins-Loveland Municipal,FNL,Loveland,Larimer,"3,445",,,,,,,,,,,,,,CO,San Luis Valley Regional/Bergman Field,ALS,Alamosa,Alamosa,"3,105",,,,,,,,,,,,,,CT,Bradley International,BDL,Windsor Locks,Hartford,"2,926,054",,,,,,,,,,,,,,CT,Tweed-New Haven,HVN,New Haven,New Haven,"30,955",,,,,,,,,,,,,,DE,New Castle,ILG,Wilmington,New Castle,"12,574",,,,,,,,,,,,,,FL,Miami International,MIA,Miami,Dade,"20,986,349",,,,,,,,,,,,,,FL,Orlando International,MCO,Orlando,Orange,"18,759,938",,,,,,,,,,,,,,FL,Fort Lauderdale/Hollywood International,FLL,Fort Lauderdale,Broward,"13,061,632",,,,,,,,,,,,,,FL,Tampa International,TPA,Tampa,Hillsborough,"9,150,458",,,,,,,,,,,,,,FL,Southwest Florida International,RSW,Fort Myers,Lee,"4,159,215",,,,,,,,,,,,,,FL,Palm Beach International,PBI,West Palm Beach,Palm Beach,"3,113,591",,,,,,,,,,,,,,FL,Jacksonville International,JAX,Jacksonville,Duval,"2,716,473",,,,,,,,,,,,,,FL,Orlando Sanford International,SFB,Sanford,Seminole,"1,209,382",,,,,,,,,,,,,,FL,St Pete-Clearwater International,PIE,Clearwater,Pinellas,"819,974",,,,,,,,,,,,,,FL,Pensacola International,PNS,Pensacola,Escambia,"787,916",,,,,,,,,,,,,,FL,Sarasota/Bradenton International,SRQ,Sarasota,Sarasota,"607,449",,,,,,,,,,,,,,FL,Northwest Florida Beaches International,ECP,Panama City,Bay,"428,704",,,,,,,,,,,,,,FL,Punta Gorda,PGD,Punta Gorda,Charlotte,"421,162",,,,,,,,,,,,,,FL,Eglin AFB/Destin-Ft Walton Beach,VPS,Valparaiso,Okaloosa,"373,072",,,,,,,,,,,,,,FL,Key West International,EYW,Key West,Monroe,"362,108",,,,,,,,,,,,,,FL,Tallahassee International,TLH,Tallahassee,Leon,"332,777",,,,,,,,,,,,,,FL,Daytona Beach International,DAB,Daytona Beach,Volusia,"306,360",,,,,,,,,,,,,,FL,Melbourne International,MLB,Melbourne,Brevard,"220,393",,,,,,,,,,,,,,FL,Gainesville Regional,GNV,Gainesville,Alachua,"213,225",,,,,,,,,,,,,,FL,Northeast Florida Regional,SGJ,Saint Augustine,St. Johns,"22,030",,,,,,,,,,,,,,GA,Hartsfield - Jackson Atlanta International,ATL,Atlanta,Fulton,"49,340,732",,,,,,,,,,,,,,GA,Savannah/Hilton Head International,SAV,Savannah,Chatham,"980,531",,,,,,,,,,,,,,GA,Augusta Regional at Bush Field,AGS,Augusta,Richmond,"271,915",,,,,,,,,,,,,,GA,Columbus,CSG,Columbus,Muscogee,"51,790",,,,,,,,,,,,,,GA,Valdosta Regional,VLD,Valdosta,Lowndes,"39,544",,,,,,,,,,,,,,GA,Brunswick Golden Isles,BQK,Brunswick,Glynn,"34,561",,,,,,,,,,,,,,GA,Southwest Georgia Regional,ABY,Albany,Dougherty,"33,949",,,,,,,,,,,,,,GU,Guam International,GUM,Tamuning,Guam,"1,420,500",,,,,,,,,,,,,,HI,Honolulu International,HNL,Honolulu,Oahu,"9,479,094",,,,,,,,,,,,,,HI,Kahului,OGG,Kahului,Maui,"3,220,753",,,,,,,,,,,,,,HI,Lihue,LIH,Lihue,Kauai,"1,491,688",,,,,,,,,,,,,,HI,Kona International at Keahole,KOA,Kailua Kona,Hawaii,"1,485,777",,,,,,,,,,,,,,HI,Hilo International,ITO,Hilo,Hawaii,"627,171",,,,,,,,,,,,,,HI,Molokai,MKK,Kaunakakai,Molokai,"90,122",,,,,,,,,,,,,,HI,Lanai,LNY,Lanai City,Lanai,"40,599",,,,,,,,,,,,,,HI,Kalaupapa,LUP,Kalaupapa,Molokai,"8,576",,,,,,,,,,,,,,HI,Kalaeloa (John Rodgers Field),JRF,Kapolei,Oahu,"5,347",,,,,,,,,,,,,,HI,Waimea-Kohala,MUE,Kamuela,Hawaii,"4,930",,,,,,,,,,,,,,IA,Des Moines International,DSM,Des Moines,Polk,"1,156,462",,,,,,,,,,,,,,IA,The Eastern Iowa,CID,Cedar Rapids,Linn,"557,383",,,,,,,,,,,,,,IA,Dubuque Regional,DBQ,Dubuque,Dubuque,"38,248",,,,,,,,,,,,,,IA,Waterloo Regional,ALO,Waterloo,Black Hawk,"26,950",,,,,,,,,,,,,,IA,Sioux Gateway/Col Bud Day Field,SUX,Sioux City,Woodbury,"26,104",,,,,,,,,,,,,,IA,Southeast Iowa Regional,BRL,Burlington,Des Moines,"9,000",,,,,,,,,,,,,,IA,Mason City Municipal,MCW,Mason City,Cerro Gordo,"6,752",,,,,,,,,,,,,,IA,Fort Dodge Regional,FOD,Fort Dodge,Webster,"5,228",,,,,,,,,,,,,,ID,Boise Air Terminal/Gowen Field,BOI,Boise,Ada,"1,487,777",,,,,,,,,,,,,,ID,Idaho Falls Regional,IDA,Idaho Falls,Bonneville,"147,923",,,,,,,,,,,,,,ID,Friedman Memorial,SUN,Hailey,Blaine,"67,955",,,,,,,,,,,,,,ID,Lewiston-Nez Perce County,LWS,Lewiston,Nez Perce,"66,579",,,,,,,,,,,,,,ID,Joslin Field - Magic Valley Regional,TWF,Twin Falls,Twin Falls,"33,806",,,,,,,,,,,,,,ID,Pocatello Regional,PIH,Arbon Valley,Power,"24,745",,,,,,,,,,,,,,IL,Chicago O'Hare International,ORD,Chicago,Cook,"36,305,668",,,,,,,,,,,,,,IL,Chicago Midway International,MDW,Chicago,Cook,"10,830,850",,,,,,,,,,,,,,IL,Quad City International,MLI,Moline,Rock Island,"368,114",,,,,,,,,,,,,,IL,General Downing - Peoria International,PIA,Peoria,Peoria,"318,162",,,,,,,,,,,,,,IL,Central IL Regional Airport at Bloomington-Normal,BMI,Bloomington-Normal Airport,McLean,"186,633",,,,,,,,,,,,,,IL,Chicago/Rockford International,RFD,Rockford,Winnebago,"108,379",,,,,,,,,,,,,,IL,Abraham Lincoln Capital,SPI,Springfield,Sangamon,"90,413",,,,,,,,,,,,,,IL,University of Illinois-Willard,CMI,Savoy,Champaign,"89,836",,,,,,,,,,,,,,IL,Scott AFB/Midamerica,BLV,Belleville,St. Clair,"32,589",,,,,,,,,,,,,,IL,Williamson County Regional,MWA,Marion,Williamson,"10,570",,,,,,,,,,,,,,IL,Quincy Regional-Baldwin Field,UIN,Quincy,Adams,"9,159",,,,,,,,,,,,,,IL,Decatur,DEC,Decatur,Macon,"8,034",,,,,,,,,,,,,,IN,Indianapolis International,IND,Indianapolis,Marion,"3,889,567",,,,,,,,,,,,,,IN,Fort Wayne International,FWA,Fort Wayne,Allen,"353,876",,,,,,,,,,,,,,IN,South Bend International,SBN,South Bend,St. Joseph,"315,313",,,,,,,,,,,,,,IN,Evansville Regional,EVV,Evansville,Vanderburgh,"203,350",,,,,,,,,,,,,,IN,Purdue University,LAF,Lafayette,Stark,"2,504",,,,,,,,,,,,,,KS,Wichita Dwight D Eisenhower National,ICT,Wichita,Sedgwick,"773,550",,,,,,,,,,,,,,KS,Manhattan Regional,MHK,Manhattan,Riley,"66,263",,,,,,,,,,,,,,KS,Garden City Regional,GCK,Garden City,Finney,"27,152",,,,,,,,,,,,,,KS,Salina Regional,SLN,Salina,Saline,"10,079",,,,,,,,,,,,,,KS,Hays Regional,HYS,Hays,Ellis,"8,470",,,,,,,,,,,,,,KS,Liberal Mid-America Regional,LBL,Liberal,Seward,"5,456",,,,,,,,,,,,,,KS,Topeka Regional,FOE,Topeka,Shawnee,"4,939",,,,,,,,,,,,,,KY,Cincinnati/Northern Kentucky International,CVG,Greater Cincinnati International Airport,Boone,"3,054,991",,,,,,,,,,,,,,KY,Louisville International-Standiford Field,SDF,Louisville,Jefferson,"1,640,297",,,,,,,,,,,,,,KY,Blue Grass,LEX,Lexington,Fayette,"606,980",,,,,,,,,,,,,,KY,Owensboro-Daviess County,OWB,Owensboro,Daviess,"21,951",,,,,,,,,,,,,,KY,Barkley Regional,PAH,Paducah,McCracken,"21,027",,,,,,,,,,,,,,LA,Louis Armstrong New Orleans International,MSY,Metairie,Jefferson,"5,329,711",,,,,,,,,,,,,,LA,"Baton Rouge Metropolitan, Ryan Field",BTR,Baton Rouge,East Baton Rouge,"366,102",,,,,,,,,,,,,,LA,Shreveport Regional,SHV,Shreveport,Caddo,"295,257",,,,,,,,,,,,,,LA,Lafayette Regional/Paul Fournet Field,LFT,Lafayette,Lafayette,"243,840",,,,,,,,,,,,,,LA,Alexandria International,AEX,Alexandria,Rapides,"159,252",,,,,,,,,,,,,,LA,Monroe Regional,MLU,Monroe,Ouachita,"114,170",,,,,,,,,,,,,,LA,Lake Charles Regional,LCH,Lake Charles,Calcasieu,"69,130",,,,,,,,,,,,,,MA,General Edward Lawrence Logan International,BOS,Boston,Suffolk,"16,290,362",,,,,,,,,,,,,,MA,Nantucket Memorial,ACK,Nantucket,Nantucket,"155,952",,,,,,,,,,,,,,MA,Barnstable Municipal-Boardman/Polando Field,HYA,Hyannis,Barnstable,"65,790",,,,,,,,,,,,,,MA,Worcester Regional,ORH,Worcester,Worcester,"59,624",,,,,,,,,,,,,,MA,Martha's Vineyard,MVY,Vineyard Haven,Dukes,"49,853",,,,,,,,,,,,,,MA,Provincetown Municipal,PVC,Provincetown,Barnstable,"10,841",,,,,,,,,,,,,,MA,New Bedford Regional,EWB,New Bedford,Bristol,"7,271",,,,,,,,,,,,,,MD,Baltimore/Washington International Thurgood Marshall,BWI,Glen Burnie,Anne Arundel,"11,738,845",,,,,,,,,,,,,,MD,Salisbury-Ocean City Wicomico Regional,SBY,Salisbury,Wicomico,"61,782",,,,,,,,,,,,,,MD,Hagerstown Regional-Richard A Henson Field,HGR,Hagerstown,Washington,"25,356",,,,,,,,,,,,,,ME,Portland International Jetport,PWM,Portland,Cumberland,"858,449",,,,,,,,,,,,,,ME,Bangor International,BGR,Bangor,Penobscot,"273,829",,,,,,,,,,,,,,ME,Knox County Regional,RKD,Rockland,Knox,"15,730",,,,,,,,,,,,,,ME,Northern Maine Regional Airport at Presque Isle,PQI,Presque Isle,Aroostook,"12,928",,,,,,,,,,,,,,ME,Hancock County-Bar Harbor,BHB,Bar Harbor,Hancock,"9,579",,,,,,,,,,,,,,ME,Augusta State,AUG,Augusta,Kennebec,"5,120",,,,,,,,,,,,,,MI,Detroit Metropolitan Wayne County,DTW,Detroit,Wayne,"16,255,520",,,,,,,,,,,,,,MI,Gerald R Ford International,GRR,Grand Rapids,Kent,"1,280,803",,,,,,,,,,,,,,MI,Bishop International,FNT,Flint,Genesee,"411,763",,,,,,,,,,,,,,MI,Cherry Capital,TVC,Traverse City,Grand Traverse,"210,231",,,,,,,,,,,,,,MI,Capital Region International,LAN,Clinton (Township of),Clinton,"180,927",,,,,,,,,,,,,,MI,Kalamazoo/Battle Creek International,AZO,Kalamazoo,Kalamazoo,"122,081",,,,,,,,,,,,,,MI,MBS International,MBS,Saginaw,Saginaw,"119,004",,,,,,,,,,,,,,MI,Sawyer International,SAW,Gwinn,Marquette,"42,578",,,,,,,,,,,,,,MI,Houghton County Memorial,CMX,Hancock,Houghton,"25,732",,,,,,,,,,,,,,MI,Pellston Regional Airport of Emmet County,PLN,Pellston,Emmet,"25,197",,,,,,,,,,,,,,MI,Chippewa County International,CIU,Sault Ste. Marie,Chippewa,"22,687",,,,,,,,,,,,,,MI,Muskegon County,MKG,Muskegon,Muskegon,"17,087",,,,,,,,,,,,,,MI,Delta County,ESC,Escanaba,Delta,"16,665",,,,,,,,,,,,,,MI,Ford,IMT,Iron Mountain,Dickinson,"12,672",,,,,,,,,,,,,,MI,Alpena County Regional,APN,Alpena,Alpena,"10,409",,,,,,,,,,,,,,MI,Gogebic-Iron County,IWD,Ironwood,Gogebic,"4,697",,,,,,,,,,,,,,MI,Willow Run,YIP,Detroit,Wayne,"4,045",,,,,,,,,,,,,,MI,Oakland County International,PTK,Pontiac,Oakland,"3,100",,,,,,,,,,,,,,MN,Minneapolis-St Paul International/Wold-Chamberlain,MSP,Minneapolis,Hennepin,"17,634,273",,,,,,,,,,,,,,MN,Duluth International,DLH,Duluth,St. Louis,"131,128",,,,,,,,,,,,,,MN,Rochester International,RST,Rochester,Olmsted,"114,657",,,,,,,,,,,,,,MN,Bemidji Regional,BJI,Bemidji,Beltrami,"24,765",,,,,,,,,,,,,,MN,St. Cloud Regional,STC,St. Cloud,Sherburne,"19,171",,,,,,,,,,,,,,MN,Brainerd Lakes Regional,BRD,Brainerd,Crow Wing,"18,200",,,,,,,,,,,,,,MN,Falls International-Einarson Field,INL,International Falls,Koochiching,"14,706",,,,,,,,,,,,,,MN,Range Regional,HIB,Hibbing,St. Louis,"12,394",,,,,,,,,,,,,,MO,Lambert-St Louis International,STL,St. Louis,St. Louis,"6,239,248",,,,,,,,,,,,,,MO,Kansas City International,MCI,Kansas City,Platte,"5,135,127",,,,,,,,,,,,,,MO,Springfield-Branson National,SGF,Springfield,Greene,"447,843",,,,,,,,,,,,,,MO,Columbia Regional,COU,Columbia,Boone,"64,707",,,,,,,,,,,,,,MO,Joplin Regional,JLN,Joplin,Jasper,"28,306",,,,,,,,,,,,,,MO,Cape Girardeau Regional,CGI,Scott City,Scott,"6,213",,,,,,,,,,,,,,MO,Kirksville Regional,IRK,Kirksville,Adair,"5,167",,,,,,,,,,,,,,MP,Francisco C Ada/Saipan International,GSN,Saipan,Saipan,"455,232",,,,,,,,,,,,,,MP,Tinian International,TNI,Tinian (Municipality),Tinian,"46,977",,,,,,,,,,,,,,MP,Benjamin Taisacan Manglona International,GRO,Northern Islands (Municipality),N. Mariana Islands,"12,116",,,,,,,,,,,,,,MS,Jackson-Medgar Wiley Evers International,JAN,Jackson,Rankin,"497,042",,,,,,,,,,,,,,MS,Gulfport-Biloxi International,GPT,Gulfport,Harrison,"317,154",,,,,,,,,,,,,,MS,Golden Triangle Regional,GTR,Columbus,Lowndes,"38,632",,,,,,,,,,,,,,MS,Key Field,MEI,Meridian,Lauderdale,"24,685",,,,,,,,,,,,,,MS,Hattiesburg-Laurel Regional,PIB,Moselle,Jones,"12,947",,,,,,,,,,,,,,MS,Tunica Municipal,UTA,Tunica,Tunica,"9,532",,,,,,,,,,,,,,MS,Tupelo Regional,TUP,Tupelo,Lee,"2,560",,,,,,,,,,,,,,MT,Bozeman Yellowstone International,BZN,Bozeman,Gallatin,"512,042",,,,,,,,,,,,,,MT,Billings Logan International,BIL,Billings,Yellowstone,"420,426",,,,,,,,,,,,,,MT,Missoula International,MSO,Missoula,Missoula,"350,172",,,,,,,,,,,,,,MT,Glacier Park International,GPI,Kalispell,Flathead,"237,501",,,,,,,,,,,,,,MT,Great Falls International,GTF,Great Falls,Cascade,"182,635",,,,,,,,,,,,,,MT,Helena Regional,HLN,Helena,Lewis & Clark,"99,460",,,,,,,,,,,,,,MT,Bert Mooney,BTM,Butte,Silver Bow,"27,448",,,,,,,,,,,,,,MT,Sidney-Richland Municipal,SDY,Sidney,Richland,"10,129",,,,,,,,,,,,,,MT,Yellowstone,WYS,West Yellowstone,Gallatin,"7,796",,,,,,,,,,,,,,MT,L M Clayton,OLF,Wolf Point,Roosevelt,"3,901",,,,,,,,,,,,,,MT,Wokal Field/Glasgow International,GGW,Glasgow,Valley,"3,758",,,,,,,,,,,,,,NC,Charlotte/Douglas International,CLT,Charlotte,Mecklenburg,"21,913,166",,,,,,,,,,,,,,NC,Raleigh-Durham International,RDU,Raleigh,Wake,"4,954,735",,,,,,,,,,,,,,NC,Piedmont Triad International,GSO,Greensboro,Guilford,"848,249",,,,,,,,,,,,,,NC,Asheville Regional,AVL,Asheville,Buncombe,"393,386",,,,,,,,,,,,,,NC,Wilmington International,ILM,Wilmington,New Hanover,"388,023",,,,,,,,,,,,,,NC,Fayetteville Regional/Grannis Field,FAY,Fayetteville,Cumberland,"220,339",,,,,,,,,,,,,,NC,Albert J Ellis,OAJ,Jacksonville,Onslow,"148,960",,,,,,,,,,,,,,NC,Coastal Carolina Regional,EWN,New Bern,Craven,"109,237",,,,,,,,,,,,,,NC,Concord Regional,JQF,Concord,Cabarrus,"73,727",,,,,,,,,,,,,,NC,Pitt-Greenville,PGV,Greenville,Pitt,"55,017",,,,,,,,,,,,,,ND,Hector International,FAR,Fargo,Cass,"437,188",,,,,,,,,,,,,,ND,Bismarck Municipal,BIS,Bismarck,Burleigh,"262,469",,,,,,,,,,,,,,ND,Minot International,MOT,Minot,Ward,"181,328",,,,,,,,,,,,,,ND,Grand Forks International,GFK,Grand Forks,Grand Forks,"145,785",,,,,,,,,,,,,,ND,Sloulin Field International,ISN,Williston,Williams,"102,345",,,,,,,,,,,,,,ND,Dickinson - Theodore Roosevelt Regional,DIK,Dickinson,Stark,"41,925",,,,,,,,,,,,,,ND,Devils Lake Regional,DVL,Devils Lake,Ramsey,"6,180",,,,,,,,,,,,,,ND,Jamestown Regional,JMS,Jamestown,Stutsman,"6,086",,,,,,,,,,,,,,NE,Eppley Airfield,OMA,Omaha,Douglas,"2,046,179",,,,,,,,,,,,,,NE,Lincoln,LNK,Lincoln,Lancaster,"160,525",,,,,,,,,,,,,,NE,Central Nebraska Regional,GRI,Grand Island,Hall,"64,602",,,,,,,,,,,,,,NE,Western Nebraska Regional/William B Heilig Field,BFF,Scottsbluff,Scotts Bluff,"5,144",,,,,,,,,,,,,,NE,North Platte Regional Airport Lee Bird Field,LBF,North Platte,Lincoln,"4,628",,,,,,,,,,,,,,NE,Kearney Regional,EAR,Kearney,Buffalo,"4,543",,,,,,,,,,,,,,NH,Manchester,MHT,Manchester,Hillsborough,"1,026,349",,,,,,,,,,,,,,NH,Portsmouth International at Pease,PSM,Portsmouth,Rockingham,"45,933",,,,,,,,,,,,,,NH,Lebanon Municipal,LEB,Lebanon,Grafton,"10,144",,,,,,,,,,,,,,NJ,Newark Liberty International,EWR,Newark,Essex,"18,684,818",,,,,,,,,,,,,,NJ,Atlantic City International,ACY,Atlantic City,Atlantic,"587,967",,,,,,,,,,,,,,NJ,Trenton Mercer,TTN,Trenton,Mercer,"389,598",,,,,,,,,,,,,,NM,Albuquerque International Sunport,ABQ,Albuquerque,Bernalillo,"2,323,883",,,,,,,,,,,,,,NM,Santa Fe Municipal,SAF,Santa Fe,Sante Fe,"75,460",,,,,,,,,,,,,,NM,Roswell International Air Center,ROW,Roswell,Chaves,"35,411",,,,,,,,,,,,,,NM,Lea County Regional,HOB,Hobbs,Lea,"16,567",,,,,,,,,,,,,,NM,Clovis Municipal,CVN,Clovis,Curry,"4,799",,,,,,,,,,,,,,NM,Grant County,SVC,Silver City,Grant,"3,945",,,,,,,,,,,,,,NM,Four Corners Regional,FMN,Farmington,San Juan,"3,083",,,,,,,,,,,,,,NV,McCarran International,LAS,Las Vegas,Clark,"21,857,693",,,,,,,,,,,,,,NV,Reno/Tahoe International,RNO,Reno,Washoe,"1,669,876",,,,,,,,,,,,,,NV,Boulder City Municipal,BVU,Boulder City,Clark,"234,101",,,,,,,,,,,,,,NV,Henderson Executive,HND,Las Vegas,Clark,"53,551",,,,,,,,,,,,,,NV,North Las Vegas,VGT,Las Vegas,Clark,"15,434",,,,,,,,,,,,,,NV,Elko Regional,EKO,Elko,Elko,"13,701",,,,,,,,,,,,,,NY,John F Kennedy International,JFK,New York,Queens,"27,782,369",,,,,,,,,,,,,,NY,Laguardia,LGA,New York,Queens,"14,319,924",,,,,,,,,,,,,,NY,Buffalo Niagara International,BUF,Buffalo,Erie,"2,336,431",,,,,,,,,,,,,,NY,Albany International,ALB,Albany,Albany,"1,276,793",,,,,,,,,,,,,,NY,Greater Rochester International,ROC,Rochester,Monroe,"1,177,994",,,,,,,,,,,,,,NY,Syracuse Hancock International,SYR,Syracuse,Onondaga,"987,732",,,,,,,,,,,,,,NY,Westchester County,HPN,White Plains,Westchester,"757,466",,,,,,,,,,,,,,NY,Long Island MacArthur,ISP,Islip,Suffolk,"603,653",,,,,,,,,,,,,,NY,Elmira/Corning Regional,ELM,Elmira,Chemung,"155,936",,,,,,,,,,,,,,NY,Stewart International,SWF,Newburgh,Orange,"142,603",,,,,,,,,,,,,,NY,Plattsburgh International,PBG,Plattsburgh,Clinton,"131,600",,,,,,,,,,,,,,NY,Niagara Falls International,IAG,Niagara Falls,Niagara,"121,616",,,,,,,,,,,,,,NY,Ithaca Tompkins Regional,ITH,Ithaca,Tompkins,"87,321",,,,,,,,,,,,,,NY,Greater Binghamton/Edwin A Link Field,BGM,Binghamton,Broome,"77,654",,,,,,,,,,,,,,NY,Watertown International,ART,Watertown,Jefferson,"18,650",,,,,,,,,,,,,,NY,Ogdensburg International,OGS,Ogdensburg,St. Lawrence,"5,120",,,,,,,,,,,,,,NY,Adirondack Regional,SLK,Saranac Lake,Franklin,"5,047",,,,,,,,,,,,,,NY,Massena International-Richards Field,MSS,Massena,St. Lawrence,"4,462",,,,,,,,,,,,,,OH,Cleveland-Hopkins International,CLE,Cleveland,Cuyahoga,"3,916,922",,,,,,,,,,,,,,OH,Port Columbus International,CMH,Columbus,Franklin,"3,312,496",,,,,,,,,,,,,,OH,James M Cox Dayton International,DAY,Dayton,Montgomery,"1,041,759",,,,,,,,,,,,,,OH,Akron-Canton Regional,CAK,Akron,Summit,"759,335",,,,,,,,,,,,,,OH,Toledo Express,TOL,Toledo,Lucas,"94,044",,,,,,,,,,,,,,OH,Rickenbacker International,LCK,Columbus,Franklin,"83,466",,,,,,,,,,,,,,OH,Youngstown-Warren Regional,YNG,Youngstown,Trumbull,"66,299",,,,,,,,,,,,,,OH,Cincinnati Municipal Airport Lunken Field,LUK,Cincinnati,Hamilton,"17,354",,,,,,,,,,,,,,OH,Burke Lakefront,BKL,Cleveland,Cuyahoga,"2,623",,,,,,,,,,,,,,OK,Will Rogers World,OKC,Oklahoma City,Oklahoma,"1,803,188",,,,,,,,,,,,,,OK,Tulsa International,TUL,Tulsa,Tulsa,"1,359,582",,,,,,,,,,,,,,OK,Lawton-Fort Sill Regional,LAW,Lawton,Comanche,"51,859",,,,,,,,,,,,,,OR,Portland International,PDX,Portland,Multnomah,"8,340,252",,,,,,,,,,,,,,OR,Mahlon Sweet Field,EUG,Eugene,Lane,"447,813",,,,,,,,,,,,,,OR,Rogue Valley International - Medford,MFR,Medford,Jackson,"370,187",,,,,,,,,,,,,,OR,Roberts Field,RDM,Redmond,Deschutes,"280,823",,,,,,,,,,,,,,OR,Southwest Oregon Regional,OTH,North Bend,Coos,"16,207",,,,,,,,,,,,,,OR,Eastern Oregon Regional at Pendleton,PDT,Pendleton,Umatilla,"4,277",,,,,,,,,,,,,,PA,Philadelphia International,PHL,Philadelphia,Philadelphia,"15,101,349",,,,,,,,,,,,,,PA,Pittsburgh International,PIT,Pittsburgh,Allegheny,"3,890,681",,,,,,,,,,,,,,PA,Harrisburg International,MDT,Harrisburg,Dauphin,"587,049",,,,,,,,,,,,,,PA,Lehigh Valley International,ABE,Allentown,Lehigh,"320,544",,,,,,,,,,,,,,PA,Wilkes-Barre/Scranton International,AVP,Avoca,Luzerne,"219,796",,,,,,,,,,,,,,PA,Arnold Palmer Regional,LBE,Latrobe,Westmoreland,"181,105",,,,,,,,,,,,,,PA,University Park,UNV,State College,Centre,"139,124",,,,,,,,,,,,,,PA,Erie International/Tom Ridge Field,ERI,Erie,Erie,"88,953",,,,,,,,,,,,,,PA,Williamsport Regional,IPT,Williamsport,Lycoming,"21,923",,,,,,,,,,,,,,PA,John Murtha Johnstown-Cambria County,JST,Johnstown,Cambria,"4,338",,,,,,,,,,,,,,PA,Bradford Regional,BFD,Bradford,McKean,"3,491",,,,,,,,,,,,,,PA,Dubois Regional,DUJ,Brookville,Jefferson,"3,215",,,,,,,,,,,,,,PR,Luis Munoz Marin International,SJU,San Juan,San Juan,"4,233,638",,,,,,,,,,,,,,PR,Rafael Hernandez,BQN,Aguadilla,Aguadilla,"202,197",,,,,,,,,,,,,,PR,Mercedita,PSE,Ponce,Ponce,"98,830",,,,,,,,,,,,,,PR,Antonio Rivera Rodriguez,VQS,Vieques,Vieques,"71,356",,,,,,,,,,,,,,PR,Jose Aponte De La Torre,RVR,Ceiba,Ceiba,"43,506",,,,,,,,,,,,,,PR,Benjamin Rivera Noriega,CPX,Culebra,Culebra,"32,907",,,,,,,,,,,,,,PR,Fernando Luis Ribas Dominicci,SIG,San Juan,San Juan,"26,203",,,,,,,,,,,,,,PR,Eugenio Maria De Hostos,MAZ,Mayaguez,Mayaguez,"5,900",,,,,,,,,,,,,,RI,Theodore Francis Green State,PVD,Warwick,Kent,"1,763,676",,,,,,,,,,,,,,RI,Block Island State,BID,Block Island,Washington,"12,415",,,,,,,,,,,,,,RI,Westerly State,WST,Westerly,Washington,"11,970",,,,,,,,,,,,,,SC,Charleston AFB/International,CHS,Charleston,Charleston,"1,669,988",,,,,,,,,,,,,,SC,Greenville Spartanburg International,GSP,Greer,Greenville,"955,097",,,,,,,,,,,,,,SC,Myrtle Beach International,MYR,Myrtle Beach,Horry,"899,859",,,,,,,,,,,,,,SC,Columbia Metropolitan,CAE,Columbia,Lexington,"533,575",,,,,,,,,,,,,,SC,Florence Regional,FLO,Florence,Florence,"52,611",,,,,,,,,,,,,,SC,Hilton Head,HXD,Hilton Head Island,Beaufort,"38,322",,,,,,,,,,,,,,SD,Joe Foss Field,FSD,Sioux Falls,Minnehaha,"493,530",,,,,,,,,,,,,,SD,Rapid City Regional,RAP,Rapid City,Pennington,"264,183",,,,,,,,,,,,,,SD,Aberdeen Regional,ABR,Aberdeen,Brown,"27,595",,,,,,,,,,,,,,SD,Pierre Regional,PIR,Pierre,Hughes,"6,664",,,,,,,,,,,,,,TN,Nashville International,BNA,Nashville,Davidson,"5,715,205",,,,,,,,,,,,,,TN,Memphis International,MEM,Memphis,Shelby,"1,873,716",,,,,,,,,,,,,,TN,McGhee Tyson,TYS,Alcoa,Blount,"848,390",,,,,,,,,,,,,,TN,Lovell Field,CHA,Chattanooga,Hamilton,"393,680",,,,,,,,,,,,,,TN,Tri-Cities Regional TN/VA,TRI,Bristol/Johnson/Kingsport,Sullivan,"216,426",,,,,,,,,,,,,,TX,Dallas-Fort Worth International,DFW,Fort Worth,Tarrant,"31,589,839",,,,,,,,,,,,,,TX,George Bush Intercontinental/Houston,IAH,Houston,Harris ,"20,595,881",,,,,,,,,,,,,,TX,Dallas Love Field,DAL,Dallas,Dallas,"7,040,950",,,,,,,,,,,,,,TX,William P Hobby,HOU,Houston,Harris ,"5,937,990",,,,,,,,,,,,,,TX,Austin-Bergstrom International,AUS,Austin,Travis,"5,797,562",,,,,,,,,,,,,,TX,San Antonio International,SAT,San Antonio,Bexar,"4,091,434",,,,,,,,,,,,,,TX,El Paso International,ELP,El Paso,El Paso,"1,381,392",,,,,,,,,,,,,,TX,Midland International,MAF,Midland,Midland,"518,509",,,,,,,,,,,,,,TX,Lubbock Preston Smith International,LBB,Lubbock,Lubbock,"443,239",,,,,,,,,,,,,,TX,McAllen Miller International,MFE,McAllen,Hidalgo,"391,687",,,,,,,,,,,,,,TX,Rick Husband Amarillo International,AMA,Amarillo,Potter,"341,132",,,,,,,,,,,,,,TX,Corpus Christi International,CRP,Corpus Christi,Nueces,"338,312",,,,,,,,,,,,,,TX,Valley International,HRL,Harlingen,Cameron,"259,864",,,,,,,,,,,,,,TX,Robert Gray AAF,GRK,Killeen,Bell,"176,895",,,,,,,,,,,,,,TX,Brownsville/South Padre Island International,BRO,Brownsville,Cameron,"143,353",,,,,,,,,,,,,,TX,Laredo International,LRD,Laredo,Webb,"110,368",,,,,,,,,,,,,,TX,Easterwood Field,CLL,College Station,Brazos,"89,844",,,,,,,,,,,,,,TX,Abilene Regional,ABI,Abilene,Taylor,"86,000",,,,,,,,,,,,,,TX,Tyler Pounds Regional,TYR,Tyler,Smith,"72,294",,,,,,,,,,,,,,TX,San Angelo Regional/Mathis Field,SJT,San Angelo,Tom Green,"63,842",,,,,,,,,,,,,,TX,Waco Regional,ACT,Waco,McLennan,"62,882",,,,,,,,,,,,,,TX,Sheppard AFB/Wichita Falls Municipal,SPS,Wichita Falls,Wichita,"44,262",,,,,,,,,,,,,,TX,Jack Brooks Regional,BPT,Beaumont,Jefferson,"33,747",,,,,,,,,,,,,,TX,East Texas Regional,GGG,Longview,Gregg,"20,968",,,,,,,,,,,,,,UT,Salt Lake City International,SLC,Salt Lake City,Salt Lake,"10,634,538",,,,,,,,,,,,,,UT,St George Regional,SGU,St. George,Washington,"69,680",,,,,,,,,,,,,,UT,Provo Municipal,PVU,Provo,Utah,"65,307",,,,,,,,,,,,,,UT,Ogden-Hinckley,OGD,Ogden,Weber,"16,577",,,,,,,,,,,,,,UT,Cedar City Regional,CDC,Cedar City,Iron,"14,334",,,,,,,,,,,,,,VA,Ronald Reagan Washington National,DCA,Arlington,Arlington,"11,242,375",,,,,,,,,,,,,,VA,Washington Dulles International,IAD,Dulles,Loudoun,"10,363,974",,,,,,,,,,,,,,VA,Richmond International,RIC,Highland Springs,Henrico,"1,740,391",,,,,,,,,,,,,,VA,Norfolk International,ORF,Norfolk,Norfolk,"1,515,200",,,,,,,,,,,,,,VA,Roanoke-Blacksburg Regional/Woodrum Field,ROA,Roanoke,Roanoke,"300,181",,,,,,,,,,,,,,VA,Charlottesville-Albemarle,CHO,Charlottesville-Albemarle Airport,Albemarle,"274,767",,,,,,,,,,,,,,VA,Newport News/Williamsburg International,PHF,Newport News,Newport News,"202,104",,,,,,,,,,,,,,VA,Lynchburg Regional/Preston Glenn Field,LYH,Timberlake,Campbell,"75,824",,,,,,,,,,,,,,VA,Shenandoah Valley Regional,SHD,Weyers Cave,Augusta,"5,536",,,,,,,,,,,,,,VI,Cyril E King,STT,Charlotte Amalie,St. Thomas,"706,098",,,,,,,,,,,,,,VI,Henry E Rohlsen,STX,Christiansted,St. Croix,"176,588",,,,,,,,,,,,,,VT,Burlington International,BTV,Burlington,Chittenden,"581,143",,,,,,,,,,,,,,VT,Rutland - Southern Vermont Regional,RUT,Rutland,Rutland,"5,379",,,,,,,,,,,,,,WA,Seattle-Tacoma International,SEA,Seattle,King,"20,148,980",,,,,,,,,,,,,,WA,Spokane International,GEG,Spokane,Spokane,"1,515,351",,,,,,,,,,,,,,WA,Bellingham International,BLI,Bellingham,Whatcom,"447,693",,,,,,,,,,,,,,WA,Tri-Cities,PSC,Pasco,Franklin,"348,990",,,,,,,,,,,,,,WA,Yakima Air Terminal/McAllister Field,YKM,Yakima,Yakima,"63,747",,,,,,,,,,,,,,WA,Pangborn Memorial,EAT,East Wenatchee,Douglas,"62,319",,,,,,,,,,,,,,WA,Pullman/Moscow Regional,PUW,Pullman,Whitman,"50,883",,,,,,,,,,,,,,WA,Walla Walla Regional,ALW,Walla Walla,Walla Walla,"41,272",,,,,,,,,,,,,,WA,Boeing Field/King County International,BFI,Seattle,King,"18,945",,,,,,,,,,,,,,WA,Friday Harbor,FHR,Friday Harbor,San Juan,"11,254",,,,,,,,,,,,,,WA,Orcas Island,ORS,Eastsound,San Juan,"5,204",,,,,,,,,,,,,,WA,Friday Harbor,W33,Friday Harbor,San Juan,"2,555",,,,,,,,,,,,,,WI,General Mitchell International,MKE,Milwaukee,Milwaukee,"3,229,897",,,,,,,,,,,,,,WI,Dane County Regional-Truax Field,MSN,Madison,Dane,"826,640",,,,,,,,,,,,,,WI,Green Bay-Austin Straubel International,GRB,Green Bay,Brown,"295,245",,,,,,,,,,,,,,WI,Appleton International,ATW,Appleton,Outagamie,"258,321",,,,,,,,,,,,,,WI,Central Wisconsin,CWA,Mosinee,Marathon,"126,016",,,,,,,,,,,,,,WI,La Crosse Regional,LSE,La Crosse,La Crosse,"94,874",,,,,,,,,,,,,,WI,Rhinelander-Oneida County,RHI,Rhinelander,Oneida,"20,673",,,,,,,,,,,,,,WI,Chippewa Valley Regional,EAU,Eau Claire,Chippewa,"19,332",,,,,,,,,,,,,,WV,Yeager,CRW,Charleston,Kanawha,"225,170",,,,,,,,,,,,,,WV,Tri-State/Milton J Ferguson Field,HTS,Huntington,Wayne,"101,741",,,,,,,,,,,,,,WV,North Central West Virginia,CKB,Clarksburg,Harrison,"24,087",,,,,,,,,,,,,,WV,Morgantown Municipal-Walter L Bill Hart Field,MGW,Morgantown,Monongalia,"7,163",,,,,,,,,,,,,,WV,Greenbrier Valley,LWB,Lewisburg,Greenbrier,"6,233",,,,,,,,,,,,,,WV,Mid-Ohio Valley Regional,PKB,Parkersburg,Wood,"4,409",,,,,,,,,,,,,,WY,Jackson Hole,JAC,Jackson,Teton,"313,151",,,,,,,,,,,,,,WY,Casper/Natrona County International,CPR,Casper,Natrona,"103,123",,,,,,,,,,,,,,WY,Yellowstone Regional,COD,Cody,Park,"33,278",,,,,,,,,,,,,,WY,Gillette-Campbell County,GCC,Gillette,Cambell,"30,502",,,,,,,,,,,,,,WY,Rock Springs-Sweetwater County,RKS,Rock Springs,Sweetwater,"17,657",,,,,,,,,,,,,,WY,Laramie Regional,LAR,Laramie,Albany,"14,741",,,,,,,,,,,,,,WY,Cheyenne Regional/Jerry Olson Field,CYS,Cheyenne,Laramie,"3,650",,,,,,,,,,,,,,WY,Riverton Regional,RIW,Riverton,Fremont,"3,537",,,,,,,,,,,,,,
